book name,price
Ён гѕнЌ «бя «»…: «—»Џжд я «»«р жя «»,EGP600.00
“«нѕ: «б÷гн— «бяждн,EGP560.00
»н÷ Џнжд: гћгжЏ… ё’’н… џн— ”—н«бн…,EGP320.00
‘ќ’н«  ёбё… Ён Џ«бг дћн» гЌЁжў,EGP120.00
√Ћ— —”«б…,EGP880.00
¬яб… «б√г,EGP400.00
ћ–ж— ‘ё—«Ѕ,EGP560.00
«бжЏн: гќ«Ў— жЁ—’ «бж«ёЏ,EGP560.00
Ё «…° «г—√…° «бќ,EGP880.00
«бм «бЏ—”,EGP480.00
ЌнЋ б« нЏ—Ёдн «Ќѕ («бгћгжЏ«  «бё’’н… «б√—»Џ),EGP400.00
Ќѕнё… «бЌёнё…: —ƒм «б ’жЁ жжЏжѕе° «б —«Ћ «б—жЌ«дн бб≈”б«г,EGP640.00
Ё«бяж,EGP520.00
«бЎЁжб…,EGP480.00
«ќЁ гд «беж«Ѕ,EGP400.00
яб ‘∆ Џд «бЌ» (ё’’ ё’н—…),EGP520.00
гж«Џў жќЎ» г”нЌ «бян,EGP400.00
—«Џн «бёЎнЏ: нбне «б—«Џн «бЏ«‘ё ж ё’«∆ѕ г Ё—ё…,EGP400.00
«бдг«’: ”Ё— «б—Ќнб ж«б»ё«Ѕ ( Ќя«н… гнгжд »д е«—жд),EGP600.00
Ћб«Ћ «ге«  жЋб«Ћ »д« : ё’’ д”«Ѕ Ёб”Ўндн« ,EGP720.00
ЌЁб… «б’нѕ «б√ќн—…,EGP600.00
√ж—«ё я—жг—: «бќѕнжн  жЁнё,EGP140.00
√ж—«ё я—жг—: Џ»«” «бЋ«дм,EGP100.00
√ж—«ё я—жг—: «бќѕнжн ≈”г«Џнб,EGP115.00
Ќя«н«  гд џ—Ё… «б≈Џѕ«г,EGP160.00
янЁ дЌ«Ёў Џбм ”б«г… Џёжбд« Ён Џ’— гдё”г,EGP125.00
д”«Ѕ —жЌм,EGP175.00
«б”— «б√я»—,EGP100.00
«б—ѕнЁ,EGP100.00
Ё д… «бџЁ—«д,EGP250.00
Ён гѕнЌ «бя «»…: «—»Џжд я «»«р жя «»,EGP600.00
“«нѕ: «б÷гн— «бяждн,EGP560.00
»н÷ Џнжд: гћгжЏ… ё’’н… џн— ”—н«бн…,EGP320.00
‘ќ’н«  ёбё… Ён Џ«бг дћн» гЌЁжў,EGP120.00
√Ћ— —”«б…,EGP880.00
¬яб… «б√г,EGP400.00
ћ–ж— ‘ё—«Ѕ,EGP560.00
«бжЏн: гќ«Ў— жЁ—’ «бж«ёЏ,EGP560.00
Ё «…° «г—√…° «бќ,EGP880.00
«бм «бЏ—”,EGP480.00
ЌнЋ б« нЏ—Ёдн «Ќѕ («бгћгжЏ«  «бё’’н… «б√—»Џ),EGP400.00
Ќѕнё… «бЌёнё…: —ƒм «б ’жЁ жжЏжѕе° «б —«Ћ «б—жЌ«дн бб≈”б«г,EGP640.00
Ё«бяж,EGP520.00
«бЎЁжб…,EGP480.00
«ќЁ гд «беж«Ѕ,EGP400.00
яб ‘∆ Џд «бЌ» (ё’’ ё’н—…),EGP520.00
гж«Џў жќЎ» г”нЌ «бян,EGP400.00
—«Џн «бёЎнЏ: нбне «б—«Џн «бЏ«‘ё ж ё’«∆ѕ г Ё—ё…,EGP400.00
«бдг«’: ”Ё— «б—Ќнб ж«б»ё«Ѕ ( Ќя«н… гнгжд »д е«—жд),EGP600.00
Ћб«Ћ «ге«  жЋб«Ћ »д« : ё’’ д”«Ѕ Ёб”Ўндн« ,EGP720.00
ЌЁб… «б’нѕ «б√ќн—…,EGP600.00
√ж—«ё я—жг—: «бќѕнжн  жЁнё,EGP140.00
√ж—«ё я—жг—: Џ»«” «бЋ«дм,EGP100.00
√ж—«ё я—жг—: «бќѕнжн ≈”г«Џнб,EGP115.00
Ќя«н«  гд џ—Ё… «б≈Џѕ«г,EGP160.00
янЁ дЌ«Ёў Џбм ”б«г… Џёжбд« Ён Џ’— гдё”г,EGP125.00
д”«Ѕ —жЌм,EGP175.00
«б”— «б√я»—,EGP100.00
«б—ѕнЁ,EGP100.00
Ё д… «бџЁ—«д,EGP250.00
